Language,Number,Log base 10,Log base 2
scala,610,2.785329835,9.252665432
go,1056,3.023663918,10.04439412
c,10831,4.034668556,13.40287883
cpp,15805,4.1987945,13.94809341
python,16896,4.227783901,14.04439412
php,19450,4.288919606,14.24748253
csharp,22300,4.348304863,14.44475609
java,34835,4.542015815,15.08824994
html,34884,4.542626278,15.09027786
javascript,35536,4.550668541,15.11699368
